# t=time;g=gyro;a=accel;e=euler;c=commanded
# t1,g1,g2,g3,a1,a2,a3,e1,e2,c1,c2,c3,c4,c5
0.000000000000000000e+00,0.000000000000000000e+00,0.000000000000000000e+00,0.000000000000000000e+00,0.000000000000000000e+00,0.000000000000000000e+00,0.000000000000000000e+00,0.000000000000000000e+00,0.000000000000000000e+00,0.000000000000000000e+00,0.000000000000000000e+00,0.000000000000000000e+00,0.000000000000000000e+00,0.000000000000000000e+00
6.999999997788108885e-03,6.553000000000000000e+04,1.800000000000000000e+01,1.200000000000000000e+01,0.000000000000000000e+00,0.000000000000000000e+00,0.000000000000000000e+00,0.000000000000000000e+00,0.000000000000000000e+00,0.000000000000000000e+00,4.240500000000000000e+04,4.240500000000000000e+04,4.240500000000000000e+04,4.240500000000000000e+04
1.399999999557621777e-02,1.800000000000000000e+01,6.000000000000000000e+00,1.200000000000000000e+01,0.000000000000000000e+00,0.000000000000000000e+00,0.000000000000000000e+00,0.000000000000000000e+00,0.000000000000000000e+00,0.000000000000000000e+00,4.240500000000000000e+04,4.240500000000000000e+04,4.240500000000000000e+04,4.240500000000000000e+04
2.399999999761348590e-02,0.000000000000000000e+00,1.200000000000000000e+01,1.200000000000000000e+01,0.000000000000000000e+00,0.000000000000000000e+00,0.000000000000000000e+00,0.000000000000000000e+00,0.000000000000000000e+00,0.000000000000000000e+00,4.240500000000000000e+04,4.240500000000000000e+04,4.240500000000000000e+04,4.240500000000000000e+04
3.299999999580904841e-02,6.000000000000000000e+00,2.400000000000000000e+01,6.551800000000000000e+04,1.710000000000000000e+02,6.525200000000000000e+04,0.000000000000000000e+00,0.000000000000000000e+00,0.000000000000000000e+00,0.000000000000000000e+00,4.240500000000000000e+04,4.240500000000000000e+04,4.240500000000000000e+04,4.240500000000000000e+04
3.999999999359715730e-02,0.000000000000000000e+00,6.000000000000000000e+00,6.553000000000000000e+04,1.710000000000000000e+02,6.524400000000000000e+04,0.000000000000000000e+00,0.000000000000000000e+00,0.000000000000000000e+00,0.000000000000000000e+00,4.240500000000000000e+04,4.240500000000000000e+04,4.240500000000000000e+04,4.240500000000000000e+04
4.599999999481951818e-02,6.551800000000000000e+04,0.000000000000000000e+00,1.200000000000000000e+01,1.720000000000000000e+02,6.523800000000000000e+04,0.000000000000000000e+00,0.000000000000000000e+00,0.000000000000000000e+00,0.000000000000000000e+00,4.240500000000000000e+04,4.240500000000000000e+04,4.240500000000000000e+04,4.240500000000000000e+04
5.500000000029103830e-02,1.200000000000000000e+01,3.000000000000000000e+01,6.000000000000000000e+00,1.720000000000000000e+02,6.523000000000000000e+04,0.000000000000000000e+00,0.000000000000000000e+00,0.000000000000000000e+00,0.000000000000000000e+00,4.240500000000000000e+04,4.240500000000000000e+04,4.240500000000000000e+04,4.240500000000000000e+04
6.199999999807914719e-02,6.000000000000000000e+00,3.000000000000000000e+01,6.552400000000000000e+04,1.730000000000000000e+02,6.522000000000000000e+04,0.000000000000000000e+00,0.000000000000000000e+00,0.000000000000000000e+00,0.000000000000000000e+00,4.240500000000000000e+04,4.240500000000000000e+04,4.240500000000000000e+04,4.240500000000000000e+04
6.899999999586725608e-02,0.000000000000000000e+00,0.000000000000000000e+00,1.200000000000000000e+01,1.730000000000000000e+02,6.521200000000000000e+04,0.000000000000000000e+00,0.000000000000000000e+00,0.000000000000000000e+00,0.000000000000000000e+00,4.240500000000000000e+04,4.240500000000000000e+04,4.240500000000000000e+04,4.240500000000000000e+04
7.599999999365536496e-02,6.553000000000000000e+04,6.000000000000000000e+00,0.000000000000000000e+00,1.740000000000000000e+02,6.520500000000000000e+04,0.000000000000000000e+00,0.000000000000000000e+00,0.000000000000000000e+00,0.000000000000000000e+00,4.240500000000000000e+04,4.240500000000000000e+04,4.240500000000000000e+04,4.240500000000000000e+04
8.199999999487772584e-02,0.000000000000000000e+00,2.400000000000000000e+01,6.553000000000000000e+04,1.740000000000000000e+02,6.519800000000000000e+04,0.000000000000000000e+00,0.000000000000000000e+00,0.000000000000000000e+00,0.000000000000000000e+00,4.240500000000000000e+04,4.240500000000000000e+04,4.240500000000000000e+04,4.240500000000000000e+04
8.899999999994179234e-02,0.000000000000000000e+00,3.600000000000000000e+01,6.552400000000000000e+04,1.750000000000000000e+02,6.519000000000000000e+04,0.000000000000000000e+00,0.000000000000000000e+00,0.000000000000000000e+00,0.000000000000000000e+00,4.240500000000000000e+04,4.240500000000000000e+04,4.240500000000000000e+04,4.240500000000000000e+04
9.599999999772990122e-02,6.000000000000000000e+00,6.000000000000000000e+00,6.000000000000000000e+00,1.750000000000000000e+02,6.518300000000000000e+04,0.000000000000000000e+00,0.000000000000000000e+00,0.000000000000000000e+00,0.000000000000000000e+00,4.240500000000000000e+04,4.240500000000000000e+04,4.240500000000000000e+04,4.240500000000000000e+04
1.029999999955180101e-01,6.552400000000000000e+04,1.200000000000000000e+01,1.800000000000000000e+01,1.750000000000000000e+02,6.517600000000000000e+04,0.000000000000000000e+00,0.000000000000000000e+00,0.000000000000000000e+00,0.000000000000000000e+00,4.240500000000000000e+04,4.240500000000000000e+04,4.240500000000000000e+04,4.240500000000000000e+04
1.089999999967403710e-01,6.000000000000000000e+00,1.800000000000000000e+01,6.552400000000000000e+04,1.760000000000000000e+02,6.516900000000000000e+04,0.000000000000000000e+00,0.000000000000000000e+00,0.000000000000000000e+00,0.000000000000000000e+00,4.240500000000000000e+04,4.240500000000000000e+04,4.240500000000000000e+04,4.240500000000000000e+04
1.159999999945284799e-01,6.000000000000000000e+00,1.200000000000000000e+01,6.553000000000000000e+04,1.760000000000000000e+02,6.516200000000000000e+04,0.000000000000000000e+00,0.000000000000000000e+00,0.000000000000000000e+00,0.000000000000000000e+00,4.240500000000000000e+04,4.240500000000000000e+04,4.240500000000000000e+04,4.240500000000000000e+04
1.239999999961582944e-01,0.000000000000000000e+00,1.200000000000000000e+01,1.200000000000000000e+01,1.770000000000000000e+02,6.515600000000000000e+04,0.000000000000000000e+00,0.000000000000000000e+00,0.000000000000000000e+00,0.000000000000000000e+00,4.240500000000000000e+04,4.240500000000000000e+04,4.240500000000000000e+04,4.240500000000000000e+04
1.309999999939464033e-01,6.553000000000000000e+04,1.200000000000000000e+01,6.000000000000000000e+00,1.770000000000000000e+02,6.514900000000000000e+04,0.000000000000000000e+00,0.000000000000000000e+00,0.000000000000000000e+00,0.000000000000000000e+00,4.240500000000000000e+04,4.240500000000000000e+04,4.240500000000000000e+04,4.240500000000000000e+04
1.389999999955762178e-01,6.553000000000000000e+04,1.200000000000000000e+01,0.000000000000000000e+00,1.770000000000000000e+02,6.514300000000000000e+04,0.000000000000000000e+00,0.000000000000000000e+00,0.000000000000000000e+00,0.000000000000000000e+00,4.240500000000000000e+04,4.240500000000000000e+04,4.240500000000000000e+04,4.240500000000000000e+04
1.479999999937717803e-01,6.000000000000000000e+00,1.800000000000000000e+01,1.200000000000000000e+01,1.780000000000000000e+02,6.513600000000000000e+04,0.000000000000000000e+00,0.000000000000000000e+00,0.000000000000000000e+00,0.000000000000000000e+00,4.240500000000000000e+04,4.240500000000000000e+04,4.240500000000000000e+04,4.240500000000000000e+04
1.549999999988358468e-01,6.553000000000000000e+04,1.800000000000000000e+01,6.000000000000000000e+00,1.780000000000000000e+02,6.512900000000000000e+04,0.000000000000000000e+00,0.000000000000000000e+00,0.000000000000000000e+00,0.000000000000000000e+00,4.240500000000000000e+04,4.240500000000000000e+04,4.240500000000000000e+04,4.240500000000000000e+04
1.619999999966239557e-01,6.000000000000000000e+00,1.800000000000000000e+01,0.000000000000000000e+00,1.790000000000000000e+02,6.512200000000000000e+04,0.000000000000000000e+00,0.000000000000000000e+00,0.000000000000000000e+00,0.000000000000000000e+00,4.240500000000000000e+04,4.240500000000000000e+04,4.240500000000000000e+04,4.240500000000000000e+04
1.709999999948195182e-01,1.200000000000000000e+01,2.400000000000000000e+01,0.000000000000000000e+00,1.790000000000000000e+02,6.511600000000000000e+04,0.000000000000000000e+00,0.000000000000000000e+00,0.000000000000000000e+00,0.000000000000000000e+00,4.240500000000000000e+04,4.240500000000000000e+04,4.240500000000000000e+04,4.240500000000000000e+04
1.779999999998835847e-01,0.000000000000000000e+00,6.000000000000000000e+00,1.200000000000000000e+01,1.790000000000000000e+02,6.510800000000000000e+04,0.000000000000000000e+00,0.000000000000000000e+00,0.000000000000000000e+00,0.000000000000000000e+00,4.240500000000000000e+04,4.240500000000000000e+04,4.240500000000000000e+04,4.240500000000000000e+04
1.869999999980791472e-01,6.553000000000000000e+04,0.000000000000000000e+00,0.000000000000000000e+00,1.800000000000000000e+02,6.509900000000000000e+04,0.000000000000000000e+00,0.000000000000000000e+00,0.000000000000000000e+00,0.000000000000000000e+00,4.240500000000000000e+04,4.240500000000000000e+04,4.240500000000000000e+04,4.240500000000000000e+04
1.949999999997089617e-01,0.000000000000000000e+00,1.800000000000000000e+01,6.551200000000000000e+04,1.800000000000000000e+02,6.509200000000000000e+04,0.000000000000000000e+00,0.000000000000000000e+00,0.000000000000000000e+00,0.000000000000000000e+00,4.240500000000000000e+04,4.240500000000000000e+04,4.240500000000000000e+04,4.240500000000000000e+04
2.069999999948777258e-01,0.000000000000000000e+00,1.200000000000000000e+01,6.553000000000000000e+04,1.810000000000000000e+02,6.508600000000000000e+04,0.000000000000000000e+00,0.000000000000000000e+00,0.000000000000000000e+00,0.000000000000000000e+00,4.240500000000000000e+04,4.240500000000000000e+04,4.240500000000000000e+04,4.240500000000000000e+04
2.139999999999417923e-01,6.000000000000000000e+00,6.553000000000000000e+04,1.200000000000000000e+01,1.810000000000000000e+02,6.507700000000000000e+04,0.000000000000000000e+00,0.000000000000000000e+00,0.000000000000000000e+00,0.000000000000000000e+00,4.240500000000000000e+04,4.240500000000000000e+04,4.240500000000000000e+04,4.240500000000000000e+04
2.239999999947031029e-01,0.000000000000000000e+00,2.400000000000000000e+01,6.552400000000000000e+04,1.820000000000000000e+02,6.507000000000000000e+04,0.000000000000000000e+00,0.000000000000000000e+00,0.000000000000000000e+00,0.000000000000000000e+00,4.240500000000000000e+04,4.240500000000000000e+04,4.240500000000000000e+04,4.240500000000000000e+04
2.299999999959254637e-01,1.200000000000000000e+01,3.000000000000000000e+01,6.553000000000000000e+04,1.820000000000000000e+02,6.506300000000000000e+04,0.000000000000000000e+00,0.000000000000000000e+00,0.000000000000000000e+00,0.000000000000000000e+00,4.240500000000000000e+04,4.240500000000000000e+04,4.240500000000000000e+04,4.240500000000000000e+04
2.369999999937135726e-01,6.000000000000000000e+00,6.000000000000000000e+00,6.000000000000000000e+00,1.830000000000000000e+02,6.505400000000000000e+04,0.000000000000000000e+00,0.000000000000000000e+00,0.000000000000000000e+00,0.000000000000000000e+00,4.240500000000000000e+04,4.240500000000000000e+04,4.240500000000000000e+04,4.240500000000000000e+04
2.489999999961582944e-01,0.000000000000000000e+00,6.000000000000000000e+00,1.200000000000000000e+01,1.830000000000000000e+02,6.504300000000000000e+04,0.000000000000000000e+00,0.000000000000000000e+00,0.000000000000000000e+00,0.000000000000000000e+00,4.240500000000000000e+04,4.240500000000000000e+04,4.240500000000000000e+04,4.240500000000000000e+04
2.629999999990104698e-01,1.800000000000000000e+01,1.200000000000000000e+01,6.552400000000000000e+04,1.840000000000000000e+02,6.502800000000000000e+04,0.000000000000000000e+00,0.000000000000000000e+00,0.000000000000000000e+00,0.000000000000000000e+00,4.240500000000000000e+04,4.240500000000000000e+04,4.240500000000000000e+04,4.240500000000000000e+04
2.699999999967985786e-01,0.000000000000000000e+00,0.000000000000000000e+00,6.000000000000000000e+00,1.850000000000000000e+02,6.502200000000000000e+04,0.000000000000000000e+00,0.000000000000000000e+00,0.000000000000000000e+00,0.000000000000000000e+00,4.240500000000000000e+04,4.240500000000000000e+04,4.240500000000000000e+04,4.240500000000000000e+04
2.769999999945866875e-01,0.000000000000000000e+00,6.553000000000000000e+04,6.000000000000000000e+00,1.850000000000000000e+02,6.501400000000000000e+04,0.000000000000000000e+00,0.000000000000000000e+00,0.000000000000000000e+00,0.000000000000000000e+00,4.240500000000000000e+04,4.240500000000000000e+04,4.240500000000000000e+04,4.240500000000000000e+04
2.839999999996507540e-01,0.000000000000000000e+00,1.800000000000000000e+01,6.553000000000000000e+04,1.860000000000000000e+02,6.500500000000000000e+04,0.000000000000000000e+00,0.000000000000000000e+00,0.000000000000000000e+00,0.000000000000000000e+00,4.240500000000000000e+04,4.240500000000000000e+04,4.240500000000000000e+04,4.240500000000000000e+04
2.959999999948195182e-01,6.553000000000000000e+04,2.400000000000000000e+01,6.553000000000000000e+04,1.860000000000000000e+02,6.499700000000000000e+04,0.000000000000000000e+00,0.000000000000000000e+00,0.000000000000000000e+00,0.000000000000000000e+00,4.240500000000000000e+04,4.240500000000000000e+04,4.240500000000000000e+04,4.240500000000000000e+04
3.029999999998835847e-01,6.553000000000000000e+04,6.551800000000000000e+04,2.400000000000000000e+01,1.860000000000000000e+02,6.499100000000000000e+04,0.000000000000000000e+00,0.000000000000000000e+00,0.000000000000000000e+00,0.000000000000000000e+00,4.240500000000000000e+04,4.240500000000000000e+04,4.240500000000000000e+04,4.240500000000000000e+04
3.099999999976716936e-01,0.000000000000000000e+00,6.000000000000000000e+00,1.200000000000000000e+01,1.870000000000000000e+02,6.498500000000000000e+04,0.000000000000000000e+00,0.000000000000000000e+00,0.000000000000000000e+00,0.000000000000000000e+00,4.240500000000000000e+04,4.240500000000000000e+04,4.240500000000000000e+04,4.240500000000000000e+04
3.159999999988940544e-01,6.000000000000000000e+00,2.400000000000000000e+01,6.551800000000000000e+04,1.870000000000000000e+02,6.497800000000000000e+04,0.000000000000000000e+00,0.000000000000000000e+00,0.000000000000000000e+00,0.000000000000000000e+00,4.240500000000000000e+04,4.240500000000000000e+04,4.240500000000000000e+04,4.240500000000000000e+04
3.249999999970896170e-01,6.000000000000000000e+00,1.200000000000000000e+01,6.553000000000000000e+04,1.880000000000000000e+02,6.497100000000000000e+04,0.000000000000000000e+00,0.000000000000000000e+00,0.000000000000000000e+00,0.000000000000000000e+00,4.240500000000000000e+04,4.240500000000000000e+04,4.240500000000000000e+04,4.240500000000000000e+04
3.319999999948777258e-01,6.553000000000000000e+04,0.000000000000000000e+00,6.000000000000000000e+00,1.880000000000000000e+02,6.496200000000000000e+04,0.000000000000000000e+00,0.000000000000000000e+00,0.000000000000000000e+00,0.000000000000000000e+00,4.240500000000000000e+04,4.240500000000000000e+04,4.240500000000000000e+04,4.240500000000000000e+04
3.459999999977299012e-01,0.000000000000000000e+00,1.200000000000000000e+01,0.000000000000000000e+00,1.880000000000000000e+02,6.495500000000000000e+04,0.000000000000000000e+00,0.000000000000000000e+00,0.000000000000000000e+00,0.000000000000000000e+00,4.240500000000000000e+04,4.240500000000000000e+04,4.240500000000000000e+04,4.240500000000000000e+04
3.529999999955180101e-01,1.200000000000000000e+01,3.600000000000000000e+01,6.551800000000000000e+04,1.890000000000000000e+02,6.494900000000000000e+04,0.000000000000000000e+00,0.000000000000000000e+00,0.000000000000000000e+00,0.000000000000000000e+00,4.240500000000000000e+04,4.240500000000000000e+04,4.240500000000000000e+04,4.240500000000000000e+04
3.609999999971478246e-01,0.000000000000000000e+00,0.000000000000000000e+00,6.000000000000000000e+00,1.890000000000000000e+02,6.494300000000000000e+04,0.000000000000000000e+00,0.000000000000000000e+00,0.000000000000000000e+00,0.000000000000000000e+00,4.240500000000000000e+04,4.240500000000000000e+04,4.240500000000000000e+04,4.240500000000000000e+04
3.679999999949359335e-01,6.000000000000000000e+00,0.000000000000000000e+00,1.200000000000000000e+01,1.900000000000000000e+02,6.493600000000000000e+04,0.000000000000000000e+00,0.000000000000000000e+00,0.000000000000000000e+00,0.000000000000000000e+00,4.240500000000000000e+04,4.240500000000000000e+04,4.240500000000000000e+04,4.240500000000000000e+04
3.750000000000000000e-01,1.200000000000000000e+01,2.400000000000000000e+01,6.550600000000000000e+04,1.900000000000000000e+02,6.492800000000000000e+04,0.000000000000000000e+00,0.000000000000000000e+00,0.000000000000000000e+00,0.000000000000000000e+00,4.240500000000000000e+04,4.240500000000000000e+04,4.240500000000000000e+04,4.240500000000000000e+04
3.849999999947613105e-01,0.000000000000000000e+00,1.800000000000000000e+01,6.551800000000000000e+04,1.910000000000000000e+02,6.491600000000000000e+04,0.000000000000000000e+00,0.000000000000000000e+00,0.000000000000000000e+00,0.000000000000000000e+00,4.240500000000000000e+04,4.240500000000000000e+04,4.240500000000000000e+04,4.240500000000000000e+04
3.940000000002328306e-01,6.000000000000000000e+00,0.000000000000000000e+00,1.200000000000000000e+01,1.910000000000000000e+02,6.491000000000000000e+04,0.000000000000000000e+00,0.000000000000000000e+00,0.000000000000000000e+00,0.000000000000000000e+00,4.240500000000000000e+04,4.240500000000000000e+04,4.240500000000000000e+04,4.240500000000000000e+04
4.009999999980209395e-01,6.000000000000000000e+00,0.000000000000000000e+00,0.000000000000000000e+00,1.910000000000000000e+02,6.490300000000000000e+04,0.000000000000000000e+00,0.000000000000000000e+00,0.000000000000000000e+00,0.000000000000000000e+00,4.240500000000000000e+04,4.240500000000000000e+04,4.240500000000000000e+04,4.240500000000000000e+04
4.079999999958090484e-01,6.553000000000000000e+04,1.200000000000000000e+01,6.000000000000000000e+00,1.920000000000000000e+02,6.489700000000000000e+04,0.000000000000000000e+00,0.000000000000000000e+00,0.000000000000000000e+00,0.000000000000000000e+00,4.240500000000000000e+04,4.240500000000000000e+04,4.240500000000000000e+04,4.240500000000000000e+04
4.149999999935971573e-01,1.200000000000000000e+01,0.000000000000000000e+00,6.000000000000000000e+00,1.920000000000000000e+02,6.489000000000000000e+04,0.000000000000000000e+00,0.000000000000000000e+00,0.000000000000000000e+00,0.000000000000000000e+00,4.240500000000000000e+04,4.240500000000000000e+04,4.240500000000000000e+04,4.240500000000000000e+04
4.209999999948195182e-01,6.000000000000000000e+00,6.000000000000000000e+00,6.000000000000000000e+00,1.930000000000000000e+02,6.488200000000000000e+04,0.000000000000000000e+00,0.000000000000000000e+00,0.000000000000000000e+00,0.000000000000000000e+00,4.240500000000000000e+04,4.240500000000000000e+04,4.240500000000000000e+04,4.240500000000000000e+04
4.309999999968567863e-01,6.000000000000000000e+00,6.000000000000000000e+00,0.000000000000000000e+00,1.930000000000000000e+02,6.487400000000000000e+04,0.000000000000000000e+00,0.000000000000000000e+00,0.000000000000000000e+00,0.000000000000000000e+00,4.240500000000000000e+04,4.240500000000000000e+04,4.240500000000000000e+04,4.240500000000000000e+04
4.379999999946448952e-01,0.000000000000000000e+00,1.800000000000000000e+01,6.552400000000000000e+04,1.930000000000000000e+02,6.486800000000000000e+04,0.000000000000000000e+00,0.000000000000000000e+00,0.000000000000000000e+00,0.000000000000000000e+00,4.240500000000000000e+04,4.240500000000000000e+04,4.240500000000000000e+04,4.240500000000000000e+04
4.439999999958672561e-01,6.000000000000000000e+00,6.000000000000000000e+00,3.000000000000000000e+01,1.940000000000000000e+02,6.486200000000000000e+04,0.000000000000000000e+00,0.000000000000000000e+00,0.000000000000000000e+00,0.000000000000000000e+00,4.240500000000000000e+04,4.240500000000000000e+04,4.240500000000000000e+04,4.240500000000000000e+04
4.529999999940628186e-01,0.000000000000000000e+00,1.800000000000000000e+01,6.000000000000000000e+00,1.940000000000000000e+02,6.485600000000000000e+04,0.000000000000000000e+00,0.000000000000000000e+00,0.000000000000000000e+00,0.000000000000000000e+00,4.240500000000000000e+04,4.240500000000000000e+04,4.240500000000000000e+04,4.240500000000000000e+04
4.599999999991268851e-01,0.000000000000000000e+00,1.800000000000000000e+01,6.552400000000000000e+04,1.940000000000000000e+02,6.485000000000000000e+04,0.000000000000000000e+00,0.000000000000000000e+00,0.000000000000000000e+00,0.000000000000000000e+00,4.240500000000000000e+04,4.240500000000000000e+04,4.240500000000000000e+04,4.240500000000000000e+04
4.649999999965075403e-01,6.000000000000000000e+00,1.200000000000000000e+01,6.553000000000000000e+04,1.950000000000000000e+02,6.484200000000000000e+04,0.000000000000000000e+00,0.000000000000000000e+00,0.000000000000000000e+00,0.000000000000000000e+00,4.240500000000000000e+04,4.240500000000000000e+04,4.240500000000000000e+04,4.240500000000000000e+04
4.729999999981373549e-01,6.553000000000000000e+04,6.000000000000000000e+00,2.400000000000000000e+01,1.950000000000000000e+02,6.483600000000000000e+04,0.000000000000000000e+00,0.000000000000000000e+00,0.000000000000000000e+00,0.000000000000000000e+00,4.240500000000000000e+04,4.240500000000000000e+04,4.240500000000000000e+04,4.240500000000000000e+04
4.799999999959254637e-01,0.000000000000000000e+00,1.200000000000000000e+01,6.000000000000000000e+00,1.960000000000000000e+02,6.483000000000000000e+04,0.000000000000000000e+00,0.000000000000000000e+00,0.000000000000000000e+00,0.000000000000000000e+00,4.240500000000000000e+04,4.240500000000000000e+04,4.240500000000000000e+04,4.240500000000000000e+04
4.869999999937135726e-01,0.000000000000000000e+00,1.200000000000000000e+01,6.552400000000000000e+04,1.960000000000000000e+02,6.482400000000000000e+04,0.000000000000000000e+00,0.000000000000000000e+00,0.000000000000000000e+00,0.000000000000000000e+00,4.240500000000000000e+04,4.240500000000000000e+04,4.240500000000000000e+04,4.240500000000000000e+04
4.939999999987776391e-01,6.000000000000000000e+00,1.200000000000000000e+01,1.200000000000000000e+01,1.960000000000000000e+02,6.481800000000000000e+04,0.000000000000000000e+00,0.000000000000000000e+00,0.000000000000000000e+00,0.000000000000000000e+00,4.240500000000000000e+04,4.240500000000000000e+04,4.240500000000000000e+04,4.240500000000000000e+04
5.000000000000000000e-01,6.553000000000000000e+04,6.000000000000000000e+00,1.800000000000000000e+01,1.960000000000000000e+02,6.481200000000000000e+04,0.000000000000000000e+00,0.000000000000000000e+00,0.000000000000000000e+00,0.000000000000000000e+00,4.240500000000000000e+04,4.240500000000000000e+04,4.240500000000000000e+04,4.240500000000000000e+04
5.089999999981955625e-01,6.553000000000000000e+04,6.000000000000000000e+00,6.553000000000000000e+04,1.970000000000000000e+02,6.480600000000000000e+04,0.000000000000000000e+00,0.000000000000000000e+00,0.000000000000000000e+00,0.000000000000000000e+00,4.240500000000000000e+04,4.240500000000000000e+04,4.240500000000000000e+04,4.240500000000000000e+04
5.139999999955762178e-01,6.553000000000000000e+04,2.400000000000000000e+01,6.553000000000000000e+04,1.970000000000000000e+02,6.480100000000000000e+04,0.000000000000000000e+00,0.000000000000000000e+00,0.000000000000000000e+00,0.000000000000000000e+00,4.240500000000000000e+04,4.240500000000000000e+04,4.240500000000000000e+04,4.240500000000000000e+04
5.229999999937717803e-01,6.000000000000000000e+00,6.000000000000000000e+00,1.800000000000000000e+01,1.980000000000000000e+02,6.479500000000000000e+04,0.000000000000000000e+00,0.000000000000000000e+00,0.000000000000000000e+00,0.000000000000000000e+00,4.240500000000000000e+04,4.240500000000000000e+04,4.240500000000000000e+04,4.240500000000000000e+04
5.299999999988358468e-01,6.552400000000000000e+04,0.000000000000000000e+00,1.200000000000000000e+01,1.980000000000000000e+02,6.478900000000000000e+04,0.000000000000000000e+00,0.000000000000000000e+00,0.000000000000000000e+00,0.000000000000000000e+00,4.240500000000000000e+04,4.240500000000000000e+04,4.240500000000000000e+04,4.240500000000000000e+04
5.369999999966239557e-01,6.000000000000000000e+00,1.200000000000000000e+01,0.000000000000000000e+00,1.980000000000000000e+02,6.478300000000000000e+04,0.000000000000000000e+00,0.000000000000000000e+00,0.000000000000000000e+00,0.000000000000000000e+00,4.240500000000000000e+04,4.240500000000000000e+04,4.240500000000000000e+04,4.240500000000000000e+04
5.459999999948195182e-01,0.000000000000000000e+00,2.400000000000000000e+01,6.552400000000000000e+04,1.990000000000000000e+02,6.477700000000000000e+04,0.000000000000000000e+00,0.000000000000000000e+00,0.000000000000000000e+00,0.000000000000000000e+00,4.240500000000000000e+04,4.240500000000000000e+04,4.240500000000000000e+04,4.240500000000000000e+04
5.529999999998835847e-01,0.000000000000000000e+00,2.400000000000000000e+01,1.200000000000000000e+01,1.990000000000000000e+02,6.477100000000000000e+04,0.000000000000000000e+00,0.000000000000000000e+00,0.000000000000000000e+00,0.000000000000000000e+00,4.240500000000000000e+04,4.240500000000000000e+04,4.240500000000000000e+04,4.240500000000000000e+04
5.589999999938299879e-01,6.553000000000000000e+04,1.200000000000000000e+01,1.200000000000000000e+01,1.990000000000000000e+02,6.476400000000000000e+04,0.000000000000000000e+00,0.000000000000000000e+00,0.000000000000000000e+00,0.000000000000000000e+00,4.240500000000000000e+04,4.240500000000000000e+04,4.240500000000000000e+04,4.240500000000000000e+04
5.659999999988940544e-01,0.000000000000000000e+00,6.000000000000000000e+00,6.552400000000000000e+04,1.990000000000000000e+02,6.475800000000000000e+04,0.000000000000000000e+00,0.000000000000000000e+00,0.000000000000000000e+00,0.000000000000000000e+00,4.240500000000000000e+04,4.240500000000000000e+04,4.240500000000000000e+04,4.240500000000000000e+04
5.749999999970896170e-01,6.000000000000000000e+00,1.200000000000000000e+01,6.553000000000000000e+04,2.000000000000000000e+02,6.475200000000000000e+04,0.000000000000000000e+00,0.000000000000000000e+00,0.000000000000000000e+00,0.000000000000000000e+00,4.240500000000000000e+04,4.240500000000000000e+04,4.240500000000000000e+04,4.240500000000000000e+04
5.819999999948777258e-01,6.553000000000000000e+04,0.000000000000000000e+00,6.552400000000000000e+04,2.000000000000000000e+02,6.474500000000000000e+04,0.000000000000000000e+00,0.000000000000000000e+00,0.000000000000000000e+00,0.000000000000000000e+00,4.240500000000000000e+04,4.240500000000000000e+04,4.240500000000000000e+04,4.240500000000000000e+04
5.889999999999417923e-01,6.000000000000000000e+00,6.000000000000000000e+00,0.000000000000000000e+00,2.000000000000000000e+02,6.474000000000000000e+04,0.000000000000000000e+00,0.000000000000000000e+00,0.000000000000000000e+00,0.000000000000000000e+00,4.240500000000000000e+04,4.240500000000000000e+04,4.240500000000000000e+04,4.240500000000000000e+04
5.959999999977299012e-01,6.553000000000000000e+04,1.800000000000000000e+01,0.000000000000000000e+00,2.010000000000000000e+02,6.473500000000000000e+04,0.000000000000000000e+00,0.000000000000000000e+00,0.000000000000000000e+00,0.000000000000000000e+00,4.240500000000000000e+04,4.240500000000000000e+04,4.240500000000000000e+04,4.240500000000000000e+04
6.049999999959254637e-01,0.000000000000000000e+00,1.200000000000000000e+01,6.553000000000000000e+04,2.010000000000000000e+02,6.472900000000000000e+04,0.000000000000000000e+00,0.000000000000000000e+00,0.000000000000000000e+00,0.000000000000000000e+00,4.240500000000000000e+04,4.240500000000000000e+04,4.240500000000000000e+04,4.240500000000000000e+04
6.119999999937135726e-01,6.553000000000000000e+04,1.200000000000000000e+01,0.000000000000000000e+00,2.010000000000000000e+02,6.472200000000000000e+04,0.000000000000000000e+00,0.000000000000000000e+00,0.000000000000000000e+00,0.000000000000000000e+00,4.240500000000000000e+04,4.240500000000000000e+04,4.240500000000000000e+04,4.240500000000000000e+04
6.189999999987776391e-01,6.000000000000000000e+00,2.400000000000000000e+01,0.000000000000000000e+00,2.020000000000000000e+02,6.471600000000000000e+04,0.000000000000000000e+00,0.000000000000000000e+00,0.000000000000000000e+00,0.000000000000000000e+00,4.240500000000000000e+04,4.240500000000000000e+04,4.240500000000000000e+04,4.240500000000000000e+04
6.250000000000000000e-01,1.200000000000000000e+01,1.800000000000000000e+01,0.000000000000000000e+00,2.020000000000000000e+02,6.471000000000000000e+04,0.000000000000000000e+00,0.000000000000000000e+00,0.000000000000000000e+00,0.000000000000000000e+00,4.240500000000000000e+04,4.240500000000000000e+04,4.240500000000000000e+04,4.240500000000000000e+04
6.319999999977881089e-01,0.000000000000000000e+00,6.000000000000000000e+00,0.000000000000000000e+00,2.020000000000000000e+02,6.470500000000000000e+04,0.000000000000000000e+00,0.000000000000000000e+00,0.000000000000000000e+00,0.000000000000000000e+00,4.240500000000000000e+04,4.240500000000000000e+04,4.240500000000000000e+04,4.240500000000000000e+04
6.389999999955762178e-01,6.553000000000000000e+04,0.000000000000000000e+00,6.552400000000000000e+04,2.030000000000000000e+02,6.469700000000000000e+04,0.000000000000000000e+00,0.000000000000000000e+00,0.000000000000000000e+00,0.000000000000000000e+00,4.240500000000000000e+04,4.240500000000000000e+04,4.240500000000000000e+04,4.240500000000000000e+04
6.459999999933643267e-01,6.000000000000000000e+00,1.200000000000000000e+01,6.000000000000000000e+00,2.030000000000000000e+02,6.469100000000000000e+04,0.000000000000000000e+00,0.000000000000000000e+00,0.000000000000000000e+00,0.000000000000000000e+00,4.240500000000000000e+04,4.240500000000000000e+04,4.240500000000000000e+04,4.240500000000000000e+04
6.539999999949941412e-01,6.553000000000000000e+04,6.000000000000000000e+00,6.553000000000000000e+04,2.030000000000000000e+02,6.468600000000000000e+04,0.000000000000000000e+00,0.000000000000000000e+00,0.000000000000000000e+00,0.000000000000000000e+00,4.240500000000000000e+04,4.240500000000000000e+04,4.240500000000000000e+04,4.240500000000000000e+04
6.610000000000582077e-01,6.553000000000000000e+04,6.553000000000000000e+04,0.000000000000000000e+00,2.040000000000000000e+02,6.468100000000000000e+04,0.000000000000000000e+00,0.000000000000000000e+00,0.000000000000000000e+00,0.000000000000000000e+00,4.240500000000000000e+04,4.240500000000000000e+04,4.240500000000000000e+04,4.240500000000000000e+04
6.689999999944120646e-01,6.000000000000000000e+00,1.800000000000000000e+01,1.200000000000000000e+01,2.040000000000000000e+02,6.467400000000000000e+04,0.000000000000000000e+00,0.000000000000000000e+00,0.000000000000000000e+00,0.000000000000000000e+00,4.240500000000000000e+04,4.240500000000000000e+04,4.240500000000000000e+04,4.240500000000000000e+04
6.769999999960418791e-01,0.000000000000000000e+00,6.000000000000000000e+00,0.000000000000000000e+00,2.040000000000000000e+02,6.466900000000000000e+04,0.000000000000000000e+00,0.000000000000000000e+00,0.000000000000000000e+00,0.000000000000000000e+00,4.240500000000000000e+04,4.240500000000000000e+04,4.240500000000000000e+04,4.240500000000000000e+04
6.839999999938299879e-01,6.000000000000000000e+00,6.553000000000000000e+04,0.000000000000000000e+00,2.050000000000000000e+02,6.466300000000000000e+04,0.000000000000000000e+00,0.000000000000000000e+00,0.000000000000000000e+00,0.000000000000000000e+00,4.240500000000000000e+04,4.240500000000000000e+04,4.240500000000000000e+04,4.240500000000000000e+04
6.919999999954598024e-01,6.553000000000000000e+04,6.553000000000000000e+04,1.200000000000000000e+01,2.050000000000000000e+02,6.465800000000000000e+04,0.000000000000000000e+00,0.000000000000000000e+00,0.000000000000000000e+00,0.000000000000000000e+00,4.240500000000000000e+04,4.240500000000000000e+04,4.240500000000000000e+04,4.240500000000000000e+04
7.009999999936553650e-01,0.000000000000000000e+00,1.200000000000000000e+01,0.000000000000000000e+00,2.050000000000000000e+02,6.465200000000000000e+04,0.000000000000000000e+00,0.000000000000000000e+00,0.000000000000000000e+00,0.000000000000000000e+00,4.240500000000000000e+04,4.240500000000000000e+04,4.240500000000000000e+04,4.240500000000000000e+04
7.109999999956926331e-01,6.553000000000000000e+04,6.000000000000000000e+00,6.552400000000000000e+04,2.060000000000000000e+02,6.464500000000000000e+04,0.000000000000000000e+00,0.000000000000000000e+00,0.000000000000000000e+00,0.000000000000000000e+00,4.240500000000000000e+04,4.240500000000000000e+04,4.240500000000000000e+04,4.240500000000000000e+04
7.169999999969149940e-01,0.000000000000000000e+00,6.553000000000000000e+04,6.000000000000000000e+00,2.060000000000000000e+02,6.464000000000000000e+04,0.000000000000000000e+00,0.000000000000000000e+00,0.000000000000000000e+00,0.000000000000000000e+00,4.240500000000000000e+04,4.240500000000000000e+04,4.240500000000000000e+04,4.240500000000000000e+04
7.239999999947031029e-01,0.000000000000000000e+00,6.000000000000000000e+00,1.200000000000000000e+01,2.060000000000000000e+02,6.463400000000000000e+04,0.000000000000000000e+00,0.000000000000000000e+00,0.000000000000000000e+00,0.000000000000000000e+00,4.240500000000000000e+04,4.240500000000000000e+04,4.240500000000000000e+04,4.240500000000000000e+04
7.339999999967403710e-01,1.200000000000000000e+01,1.200000000000000000e+01,0.000000000000000000e+00,2.060000000000000000e+02,6.462700000000000000e+04,0.000000000000000000e+00,0.000000000000000000e+00,0.000000000000000000e+00,0.000000000000000000e+00,4.240500000000000000e+04,4.240500000000000000e+04,4.240500000000000000e+04,4.240500000000000000e+04
7.399999999979627319e-01,0.000000000000000000e+00,1.200000000000000000e+01,0.000000000000000000e+00,2.070000000000000000e+02,6.462200000000000000e+04,0.000000000000000000e+00,0.000000000000000000e+00,0.000000000000000000e+00,0.000000000000000000e+00,4.240500000000000000e+04,4.240500000000000000e+04,4.240500000000000000e+04,4.240500000000000000e+04
7.500000000000000000e-01,6.000000000000000000e+00,1.200000000000000000e+01,6.000000000000000000e+00,2.070000000000000000e+02,6.461400000000000000e+04,0.000000000000000000e+00,0.000000000000000000e+00,0.000000000000000000e+00,0.000000000000000000e+00,4.240500000000000000e+04,4.240500000000000000e+04,4.240500000000000000e+04,4.240500000000000000e+04
7.559999999939464033e-01,6.000000000000000000e+00,1.800000000000000000e+01,0.000000000000000000e+00,2.080000000000000000e+02,6.460900000000000000e+04,0.000000000000000000e+00,0.000000000000000000e+00,0.000000000000000000e+00,0.000000000000000000e+00,4.240500000000000000e+04,4.240500000000000000e+04,4.240500000000000000e+04,4.240500000000000000e+04
7.629999999990104698e-01,6.000000000000000000e+00,1.200000000000000000e+01,0.000000000000000000e+00,2.080000000000000000e+02,6.460300000000000000e+04,0.000000000000000000e+00,0.000000000000000000e+00,0.000000000000000000e+00,0.000000000000000000e+00,4.240500000000000000e+04,4.240500000000000000e+04,4.240500000000000000e+04,4.240500000000000000e+04
7.699999999967985786e-01,1.800000000000000000e+01,6.000000000000000000e+00,1.200000000000000000e+01,2.080000000000000000e+02,6.459600000000000000e+04,0.000000000000000000e+00,0.000000000000000000e+00,0.000000000000000000e+00,0.000000000000000000e+00,4.240500000000000000e+04,4.240500000000000000e+04,4.240500000000000000e+04,4.240500000000000000e+04
7.769999999945866875e-01,6.553000000000000000e+04,1.800000000000000000e+01,1.200000000000000000e+01,2.090000000000000000e+02,6.459100000000000000e+04,0.000000000000000000e+00,0.000000000000000000e+00,0.000000000000000000e+00,0.000000000000000000e+00,4.240500000000000000e+04,4.240500000000000000e+04,4.240500000000000000e+04,4.240500000000000000e+04
7.839999999996507540e-01,1.200000000000000000e+01,2.400000000000000000e+01,6.000000000000000000e+00,2.090000000000000000e+02,6.458400000000000000e+04,0.000000000000000000e+00,0.000000000000000000e+00,0.000000000000000000e+00,0.000000000000000000e+00,4.240500000000000000e+04,4.240500000000000000e+04,4.240500000000000000e+04,4.240500000000000000e+04
7.919999999940046109e-01,6.000000000000000000e+00,1.800000000000000000e+01,6.552400000000000000e+04,2.090000000000000000e+02,6.457800000000000000e+04,0.000000000000000000e+00,0.000000000000000000e+00,0.000000000000000000e+00,0.000000000000000000e+00,4.240500000000000000e+04,4.240500000000000000e+04,4.240500000000000000e+04,4.240500000000000000e+04
7.989999999990686774e-01,1.200000000000000000e+01,1.200000000000000000e+01,6.552400000000000000e+04,2.100000000000000000e+02,6.457300000000000000e+04,0.000000000000000000e+00,0.000000000000000000e+00,0.000000000000000000e+00,0.000000000000000000e+00,4.240500000000000000e+04,4.240500000000000000e+04,4.240500000000000000e+04,4.240500000000000000e+04
8.059999999968567863e-01,6.553000000000000000e+04,0.000000000000000000e+00,0.000000000000000000e+00,2.100000000000000000e+02,6.456700000000000000e+04,0.000000000000000000e+00,0.000000000000000000e+00,0.000000000000000000e+00,0.000000000000000000e+00,4.240500000000000000e+04,4.240500000000000000e+04,4.240500000000000000e+04,4.240500000000000000e+04
8.129999999946448952e-01,0.000000000000000000e+00,6.000000000000000000e+00,6.000000000000000000e+00,2.100000000000000000e+02,6.456200000000000000e+04,0.000000000000000000e+00,0.000000000000000000e+00,0.000000000000000000e+00,0.000000000000000000e+00,4.240500000000000000e+04,4.240500000000000000e+04,4.240500000000000000e+04,4.240500000000000000e+04
8.229999999966821633e-01,6.553000000000000000e+04,1.200000000000000000e+01,6.000000000000000000e+00,2.110000000000000000e+02,6.455700000000000000e+04,0.000000000000000000e+00,0.000000000000000000e+00,0.000000000000000000e+00,0.000000000000000000e+00,4.240500000000000000e+04,4.240500000000000000e+04,4.240500000000000000e+04,4.240500000000000000e+04
8.289999999979045242e-01,6.000000000000000000e+00,2.400000000000000000e+01,6.552400000000000000e+04,2.110000000000000000e+02,6.455200000000000000e+04,0.000000000000000000e+00,0.000000000000000000e+00,0.000000000000000000e+00,0.000000000000000000e+00,4.240500000000000000e+04,4.240500000000000000e+04,4.240500000000000000e+04,4.240500000000000000e+04
8.359999999956926331e-01,6.000000000000000000e+00,1.800000000000000000e+01,6.000000000000000000e+00,2.110000000000000000e+02,6.454600000000000000e+04,0.000000000000000000e+00,0.000000000000000000e+00,0.000000000000000000e+00,0.000000000000000000e+00,4.240500000000000000e+04,4.240500000000000000e+04,4.240500000000000000e+04,4.240500000000000000e+04
8.459999999977299012e-01,6.000000000000000000e+00,1.200000000000000000e+01,6.552400000000000000e+04,2.120000000000000000e+02,6.454100000000000000e+04,0.000000000000000000e+00,0.000000000000000000e+00,0.000000000000000000e+00,0.000000000000000000e+00,4.240500000000000000e+04,4.240500000000000000e+04,4.240500000000000000e+04,4.240500000000000000e+04
8.549999999959254637e-01,6.552400000000000000e+04,0.000000000000000000e+00,6.553000000000000000e+04,2.120000000000000000e+02,6.453600000000000000e+04,0.000000000000000000e+00,0.000000000000000000e+00,0.000000000000000000e+00,0.000000000000000000e+00,4.240500000000000000e+04,4.240500000000000000e+04,4.240500000000000000e+04,4.240500000000000000e+04
8.629999999975552782e-01,6.552400000000000000e+04,1.800000000000000000e+01,6.000000000000000000e+00,2.120000000000000000e+02,6.452900000000000000e+04,0.000000000000000000e+00,0.000000000000000000e+00,0.000000000000000000e+00,0.000000000000000000e+00,4.240500000000000000e+04,4.240500000000000000e+04,4.240500000000000000e+04,4.240500000000000000e+04
8.709999999991850927e-01,6.000000000000000000e+00,1.200000000000000000e+01,0.000000000000000000e+00,2.130000000000000000e+02,6.452300000000000000e+04,0.000000000000000000e+00,0.000000000000000000e+00,0.000000000000000000e+00,0.000000000000000000e+00,4.240500000000000000e+04,4.240500000000000000e+04,4.240500000000000000e+04,4.240500000000000000e+04
8.779999999969732016e-01,6.000000000000000000e+00,3.000000000000000000e+01,1.200000000000000000e+01,2.130000000000000000e+02,6.451800000000000000e+04,0.000000000000000000e+00,0.000000000000000000e+00,0.000000000000000000e+00,0.000000000000000000e+00,4.240500000000000000e+04,4.240500000000000000e+04,4.240500000000000000e+04,4.240500000000000000e+04
8.879999999990104698e-01,6.553000000000000000e+04,6.000000000000000000e+00,1.200000000000000000e+01,2.130000000000000000e+02,6.451100000000000000e+04,0.000000000000000000e+00,0.000000000000000000e+00,0.000000000000000000e+00,0.000000000000000000e+00,4.240500000000000000e+04,4.240500000000000000e+04,4.240500000000000000e+04,4.240500000000000000e+04
8.959999999933643267e-01,0.000000000000000000e+00,6.000000000000000000e+00,1.200000000000000000e+01,2.140000000000000000e+02,6.450400000000000000e+04,0.000000000000000000e+00,0.000000000000000000e+00,0.000000000000000000e+00,0.000000000000000000e+00,4.240500000000000000e+04,4.240500000000000000e+04,4.240500000000000000e+04,4.240500000000000000e+04
9.049999999988358468e-01,6.000000000000000000e+00,1.200000000000000000e+01,6.553000000000000000e+04,2.140000000000000000e+02,6.449800000000000000e+04,0.000000000000000000e+00,0.000000000000000000e+00,0.000000000000000000e+00,0.000000000000000000e+00,4.240500000000000000e+04,4.240500000000000000e+04,4.240500000000000000e+04,4.240500000000000000e+04
9.149999999935971573e-01,0.000000000000000000e+00,0.000000000000000000e+00,0.000000000000000000e+00,2.140000000000000000e+02,6.449300000000000000e+04,0.000000000000000000e+00,0.000000000000000000e+00,0.000000000000000000e+00,0.000000000000000000e+00,4.240500000000000000e+04,4.240500000000000000e+04,4.240500000000000000e+04,4.240500000000000000e+04
9.209999999948195182e-01,0.000000000000000000e+00,1.200000000000000000e+01,6.553000000000000000e+04,2.150000000000000000e+02,6.448800000000000000e+04,0.000000000000000000e+00,0.000000000000000000e+00,0.000000000000000000e+00,0.000000000000000000e+00,4.240500000000000000e+04,4.240500000000000000e+04,4.240500000000000000e+04,4.240500000000000000e+04
9.279999999998835847e-01,0.000000000000000000e+00,1.200000000000000000e+01,6.000000000000000000e+00,2.150000000000000000e+02,6.448100000000000000e+04,0.000000000000000000e+00,0.000000000000000000e+00,0.000000000000000000e+00,0.000000000000000000e+00,4.240500000000000000e+04,4.240500000000000000e+04,4.240500000000000000e+04,4.240500000000000000e+04
9.339999999938299879e-01,1.200000000000000000e+01,1.200000000000000000e+01,1.200000000000000000e+01,2.150000000000000000e+02,6.447400000000000000e+04,0.000000000000000000e+00,0.000000000000000000e+00,0.000000000000000000e+00,0.000000000000000000e+00,4.240500000000000000e+04,4.240500000000000000e+04,4.240500000000000000e+04,4.240500000000000000e+04
9.409999999988940544e-01,6.553000000000000000e+04,0.000000000000000000e+00,6.553000000000000000e+04,2.160000000000000000e+02,6.446700000000000000e+04,0.000000000000000000e+00,0.000000000000000000e+00,0.000000000000000000e+00,0.000000000000000000e+00,4.240500000000000000e+04,4.240500000000000000e+04,4.240500000000000000e+04,4.240500000000000000e+04
9.479999999966821633e-01,6.553000000000000000e+04,6.000000000000000000e+00,0.000000000000000000e+00,2.160000000000000000e+02,6.446100000000000000e+04,0.000000000000000000e+00,0.000000000000000000e+00,0.000000000000000000e+00,0.000000000000000000e+00,4.240500000000000000e+04,4.240500000000000000e+04,4.240500000000000000e+04,4.240500000000000000e+04
9.539999999979045242e-01,0.000000000000000000e+00,2.400000000000000000e+01,6.552400000000000000e+04,2.160000000000000000e+02,6.445600000000000000e+04,0.000000000000000000e+00,0.000000000000000000e+00,0.000000000000000000e+00,0.000000000000000000e+00,4.240500000000000000e+04,4.240500000000000000e+04,4.240500000000000000e+04,4.240500000000000000e+04
9.609999999956926331e-01,6.000000000000000000e+00,1.200000000000000000e+01,6.553000000000000000e+04,2.170000000000000000e+02,6.445200000000000000e+04,0.000000000000000000e+00,0.000000000000000000e+00,0.000000000000000000e+00,0.000000000000000000e+00,4.240500000000000000e+04,4.240500000000000000e+04,4.240500000000000000e+04,4.240500000000000000e+04
9.699999999938881956e-01,6.000000000000000000e+00,0.000000000000000000e+00,6.553000000000000000e+04,2.170000000000000000e+02,6.444700000000000000e+04,0.000000000000000000e+00,0.000000000000000000e+00,0.000000000000000000e+00,0.000000000000000000e+00,4.240500000000000000e+04,4.240500000000000000e+04,4.240500000000000000e+04,4.240500000000000000e+04
9.779999999955180101e-01,0.000000000000000000e+00,6.553000000000000000e+04,0.000000000000000000e+00,2.170000000000000000e+02,6.444100000000000000e+04,0.000000000000000000e+00,0.000000000000000000e+00,0.000000000000000000e+00,0.000000000000000000e+00,4.240500000000000000e+04,4.240500000000000000e+04,4.240500000000000000e+04,4.240500000000000000e+04
9.869999999937135726e-01,6.553000000000000000e+04,1.800000000000000000e+01,0.000000000000000000e+00,2.170000000000000000e+02,6.443700000000000000e+04,0.000000000000000000e+00,0.000000000000000000e+00,0.000000000000000000e+00,0.000000000000000000e+00,4.240500000000000000e+04,4.240500000000000000e+04,4.240500000000000000e+04,4.240500000000000000e+04
9.939999999987776391e-01,0.000000000000000000e+00,1.200000000000000000e+01,0.000000000000000000e+00,2.180000000000000000e+02,6.443200000000000000e+04,0.000000000000000000e+00,0.000000000000000000e+00,0.000000000000000000e+00,0.000000000000000000e+00,4.240500000000000000e+04,4.240500000000000000e+04,4.240500000000000000e+04,4.240500000000000000e+04
1.000999999996565748e+00,0.000000000000000000e+00,0.000000000000000000e+00,6.551800000000000000e+04,2.180000000000000000e+02,6.442700000000000000e+04,0.000000000000000000e+00,0.000000000000000000e+00,0.000000000000000000e+00,0.000000000000000000e+00,4.240500000000000000e+04,4.240500000000000000e+04,4.240500000000000000e+04,4.240500000000000000e+04
1.008999999998195563e+00,6.000000000000000000e+00,1.200000000000000000e+01,6.553000000000000000e+04,2.180000000000000000e+02,6.442200000000000000e+04,0.000000000000000000e+00,0.000000000000000000e+00,0.000000000000000000e+00,0.000000000000000000e+00,4.240500000000000000e+04,4.240500000000000000e+04,4.240500000000000000e+04,4.240500000000000000e+04
1.015999999995983671e+00,1.200000000000000000e+01,1.200000000000000000e+01,6.553000000000000000e+04,2.190000000000000000e+02,6.441600000000000000e+04,0.000000000000000000e+00,0.000000000000000000e+00,0.000000000000000000e+00,0.000000000000000000e+00,4.240500000000000000e+04,4.240500000000000000e+04,4.240500000000000000e+04,4.240500000000000000e+04
1.022999999993771780e+00,6.553000000000000000e+04,6.000000000000000000e+00,1.200000000000000000e+01,2.190000000000000000e+02,6.440900000000000000e+04,0.000000000000000000e+00,0.000000000000000000e+00,0.000000000000000000e+00,0.000000000000000000e+00,4.240500000000000000e+04,4.240500000000000000e+04,4.240500000000000000e+04,4.240500000000000000e+04
1.028999999994994141e+00,6.000000000000000000e+00,6.553000000000000000e+04,0.000000000000000000e+00,2.190000000000000000e+02,6.440400000000000000e+04,0.000000000000000000e+00,0.000000000000000000e+00,0.000000000000000000e+00,0.000000000000000000e+00,4.240500000000000000e+04,4.240500000000000000e+04,4.240500000000000000e+04,4.240500000000000000e+04
1.033999999999650754e+00,0.000000000000000000e+00,1.200000000000000000e+01,6.000000000000000000e+00,2.190000000000000000e+02,6.439900000000000000e+04,0.000000000000000000e+00,0.000000000000000000e+00,0.000000000000000000e+00,0.000000000000000000e+00,4.240500000000000000e+04,4.240500000000000000e+04,4.240500000000000000e+04,4.240500000000000000e+04
1.042999999997846317e+00,6.553000000000000000e+04,1.800000000000000000e+01,0.000000000000000000e+00,2.200000000000000000e+02,6.439500000000000000e+04,0.000000000000000000e+00,0.000000000000000000e+00,0.000000000000000000e+00,0.000000000000000000e+00,4.240500000000000000e+04,4.240500000000000000e+04,4.240500000000000000e+04,4.240500000000000000e+04
1.051999999996041879e+00,6.000000000000000000e+00,0.000000000000000000e+00,6.552400000000000000e+04,2.200000000000000000e+02,6.439000000000000000e+04,0.000000000000000000e+00,0.000000000000000000e+00,0.000000000000000000e+00,0.000000000000000000e+00,4.240500000000000000e+04,4.240500000000000000e+04,4.240500000000000000e+04,4.240500000000000000e+04
1.058999999993829988e+00,0.000000000000000000e+00,6.000000000000000000e+00,0.000000000000000000e+00,2.200000000000000000e+02,6.438600000000000000e+04,0.000000000000000000e+00,0.000000000000000000e+00,0.000000000000000000e+00,0.000000000000000000e+00,4.240500000000000000e+04,4.240500000000000000e+04,4.240500000000000000e+04,4.240500000000000000e+04
1.065999999998894054e+00,0.000000000000000000e+00,6.000000000000000000e+00,1.200000000000000000e+01,2.200000000000000000e+02,6.438100000000000000e+04,0.000000000000000000e+00,0.000000000000000000e+00,0.000000000000000000e+00,0.000000000000000000e+00,4.240500000000000000e+04,4.240500000000000000e+04,4.240500000000000000e+04,4.240500000000000000e+04
1.072999999996682163e+00,6.000000000000000000e+00,1.800000000000000000e+01,6.000000000000000000e+00,2.210000000000000000e+02,6.437700000000000000e+04,0.000000000000000000e+00,0.000000000000000000e+00,0.000000000000000000e+00,0.000000000000000000e+00,4.240500000000000000e+04,4.240500000000000000e+04,4.240500000000000000e+04,4.240500000000000000e+04
1.078999999997904524e+00,6.000000000000000000e+00,1.800000000000000000e+01,6.000000000000000000e+00,2.210000000000000000e+02,6.437200000000000000e+04,0.000000000000000000e+00,0.000000000000000000e+00,0.000000000000000000e+00,0.000000000000000000e+00,4.240500000000000000e+04,4.240500000000000000e+04,4.240500000000000000e+04,4.240500000000000000e+04
1.085999999995692633e+00,6.553000000000000000e+04,1.800000000000000000e+01,6.553000000000000000e+04,2.210000000000000000e+02,6.436500000000000000e+04,0.000000000000000000e+00,0.000000000000000000e+00,0.000000000000000000e+00,0.000000000000000000e+00,4.240500000000000000e+04,4.240500000000000000e+04,4.240500000000000000e+04,4.240500000000000000e+04
1.092999999993480742e+00,6.553000000000000000e+04,6.000000000000000000e+00,6.553000000000000000e+04,2.220000000000000000e+02,6.436000000000000000e+04,0.000000000000000000e+00,0.000000000000000000e+00,0.000000000000000000e+00,0.000000000000000000e+00,4.240500000000000000e+04,4.240500000000000000e+04,4.240500000000000000e+04,4.240500000000000000e+04
1.101999999998952262e+00,6.000000000000000000e+00,1.200000000000000000e+01,6.552400000000000000e+04,2.220000000000000000e+02,6.435500000000000000e+04,0.000000000000000000e+00,0.000000000000000000e+00,0.000000000000000000e+00,0.000000000000000000e+00,4.240500000000000000e+04,4.240500000000000000e+04,4.240500000000000000e+04,4.240500000000000000e+04
1.108999999996740371e+00,0.000000000000000000e+00,6.553000000000000000e+04,0.000000000000000000e+00,2.220000000000000000e+02,6.435000000000000000e+04,0.000000000000000000e+00,0.000000000000000000e+00,0.000000000000000000e+00,0.000000000000000000e+00,4.240500000000000000e+04,4.240500000000000000e+04,4.240500000000000000e+04,4.240500000000000000e+04
1.114999999997962732e+00,0.000000000000000000e+00,6.553000000000000000e+04,6.553000000000000000e+04,2.220000000000000000e+02,6.434600000000000000e+04,0.000000000000000000e+00,0.000000000000000000e+00,0.000000000000000000e+00,0.000000000000000000e+00,4.240500000000000000e+04,4.240500000000000000e+04,4.240500000000000000e+04,4.240500000000000000e+04
1.121999999995750841e+00,1.200000000000000000e+01,6.000000000000000000e+00,6.553000000000000000e+04,2.230000000000000000e+02,6.434100000000000000e+04,0.000000000000000000e+00,0.000000000000000000e+00,0.000000000000000000e+00,0.000000000000000000e+00,4.240500000000000000e+04,4.240500000000000000e+04,4.240500000000000000e+04,4.240500000000000000e+04
1.133999999998195563e+00,6.000000000000000000e+00,2.400000000000000000e+01,0.000000000000000000e+00,2.230000000000000000e+02,6.433600000000000000e+04,0.000000000000000000e+00,0.000000000000000000e+00,0.000000000000000000e+00,0.000000000000000000e+00,4.240500000000000000e+04,4.240500000000000000e+04,4.240500000000000000e+04,4.240500000000000000e+04
1.140999999995983671e+00,0.000000000000000000e+00,1.200000000000000000e+01,0.000000000000000000e+00,2.230000000000000000e+02,6.433200000000000000e+04,0.000000000000000000e+00,0.000000000000000000e+00,0.000000000000000000e+00,0.000000000000000000e+00,4.240500000000000000e+04,4.240500000000000000e+04,4.240500000000000000e+04,4.240500000000000000e+04
1.147999999993771780e+00,0.000000000000000000e+00,1.800000000000000000e+01,6.553000000000000000e+04,2.230000000000000000e+02,6.432700000000000000e+04,0.000000000000000000e+00,0.000000000000000000e+00,0.000000000000000000e+00,0.000000000000000000e+00,4.240500000000000000e+04,4.240500000000000000e+04,4.240500000000000000e+04,4.240500000000000000e+04
1.154999999998835847e+00,0.000000000000000000e+00,2.400000000000000000e+01,1.200000000000000000e+01,2.240000000000000000e+02,6.432200000000000000e+04,0.000000000000000000e+00,0.000000000000000000e+00,0.000000000000000000e+00,0.000000000000000000e+00,4.240500000000000000e+04,4.240500000000000000e+04,4.240500000000000000e+04,4.240500000000000000e+04
1.164999999993597157e+00,6.000000000000000000e+00,0.000000000000000000e+00,0.000000000000000000e+00,2.240000000000000000e+02,6.431800000000000000e+04,0.000000000000000000e+00,0.000000000000000000e+00,0.000000000000000000e+00,0.000000000000000000e+00,4.240500000000000000e+04,4.240500000000000000e+04,4.240500000000000000e+04,4.240500000000000000e+04
1.170999999994819518e+00,0.000000000000000000e+00,0.000000000000000000e+00,0.000000000000000000e+00,2.240000000000000000e+02,6.431000000000000000e+04,0.000000000000000000e+00,0.000000000000000000e+00,0.000000000000000000e+00,0.000000000000000000e+00,4.240500000000000000e+04,4.240500000000000000e+04,4.240500000000000000e+04,4.240500000000000000e+04
1.177999999999883585e+00,0.000000000000000000e+00,1.200000000000000000e+01,6.553000000000000000e+04,2.240000000000000000e+02,6.430500000000000000e+04,0.000000000000000000e+00,0.000000000000000000e+00,0.000000000000000000e+00,0.000000000000000000e+00,4.240500000000000000e+04,4.240500000000000000e+04,4.240500000000000000e+04,4.240500000000000000e+04
1.184999999997671694e+00,6.000000000000000000e+00,1.800000000000000000e+01,6.552400000000000000e+04,2.250000000000000000e+02,6.430100000000000000e+04,0.000000000000000000e+00,0.000000000000000000e+00,0.000000000000000000e+00,0.000000000000000000e+00,4.240500000000000000e+04,4.240500000000000000e+04,4.240500000000000000e+04,4.240500000000000000e+04
1.191999999995459802e+00,6.553000000000000000e+04,1.200000000000000000e+01,6.552400000000000000e+04,2.250000000000000000e+02,6.429600000000000000e+04,0.000000000000000000e+00,0.000000000000000000e+00,0.000000000000000000e+00,0.000000000000000000e+00,4.240500000000000000e+04,4.240500000000000000e+04,4.240500000000000000e+04,4.240500000000000000e+04
1.204999999994470272e+00,0.000000000000000000e+00,6.000000000000000000e+00,6.000000000000000000e+00,2.250000000000000000e+02,6.428900000000000000e+04,0.000000000000000000e+00,0.000000000000000000e+00,0.000000000000000000e+00,0.000000000000000000e+00,4.240500000000000000e+04,4.240500000000000000e+04,4.240500000000000000e+04,4.240500000000000000e+04
1.213999999999941792e+00,0.000000000000000000e+00,6.000000000000000000e+00,6.000000000000000000e+00,2.260000000000000000e+02,6.428600000000000000e+04,0.000000000000000000e+00,0.000000000000000000e+00,0.000000000000000000e+00,0.000000000000000000e+00,4.240500000000000000e+04,4.240500000000000000e+04,4.240500000000000000e+04,4.240500000000000000e+04
1.220999999997729901e+00,6.000000000000000000e+00,1.800000000000000000e+01,6.553000000000000000e+04,2.260000000000000000e+02,6.428100000000000000e+04,0.000000000000000000e+00,0.000000000000000000e+00,0.000000000000000000e+00,0.000000000000000000e+00,4.240500000000000000e+04,4.240500000000000000e+04,4.240500000000000000e+04,4.240500000000000000e+04
1.226999999998952262e+00,6.000000000000000000e+00,6.553000000000000000e+04,1.800000000000000000e+01,2.260000000000000000e+02,6.427600000000000000e+04,0.000000000000000000e+00,0.000000000000000000e+00,0.000000000000000000e+00,0.000000000000000000e+00,4.240500000000000000e+04,4.240500000000000000e+04,4.240500000000000000e+04,4.240500000000000000e+04
1.233999999996740371e+00,6.000000000000000000e+00,1.200000000000000000e+01,1.200000000000000000e+01,2.260000000000000000e+02,6.427200000000000000e+04,0.000000000000000000e+00,0.000000000000000000e+00,0.000000000000000000e+00,0.000000000000000000e+00,4.240500000000000000e+04,4.240500000000000000e+04,4.240500000000000000e+04,4.240500000000000000e+04
1.240999999994528480e+00,0.000000000000000000e+00,6.000000000000000000e+00,6.000000000000000000e+00,2.270000000000000000e+02,6.426200000000000000e+04,0.000000000000000000e+00,0.000000000000000000e+00,0.000000000000000000e+00,0.000000000000000000e+00,4.240500000000000000e+04,4.240500000000000000e+04,4.240500000000000000e+04,4.240500000000000000e+04
1.250000000000000000e+00,1.200000000000000000e+01,2.400000000000000000e+01,6.553000000000000000e+04,2.270000000000000000e+02,6.425800000000000000e+04,0.000000000000000000e+00,0.000000000000000000e+00,0.000000000000000000e+00,0.000000000000000000e+00,4.240500000000000000e+04,4.240500000000000000e+04,4.240500000000000000e+04,4.240500000000000000e+04
1.259999999994761311e+00,6.000000000000000000e+00,6.553000000000000000e+04,1.200000000000000000e+01,2.270000000000000000e+02,6.425300000000000000e+04,0.000000000000000000e+00,0.000000000000000000e+00,0.000000000000000000e+00,0.000000000000000000e+00,4.240500000000000000e+04,4.240500000000000000e+04,4.240500000000000000e+04,4.240500000000000000e+04
1.266999999999825377e+00,0.000000000000000000e+00,1.800000000000000000e+01,6.553000000000000000e+04,2.280000000000000000e+02,6.424900000000000000e+04,0.000000000000000000e+00,0.000000000000000000e+00,0.000000000000000000e+00,0.000000000000000000e+00,4.240500000000000000e+04,4.240500000000000000e+04,4.240500000000000000e+04,4.240500000000000000e+04
1.273999999997613486e+00,6.000000000000000000e+00,1.200000000000000000e+01,6.000000000000000000e+00,2.280000000000000000e+02,6.424400000000000000e+04,0.000000000000000000e+00,0.000000000000000000e+00,0.000000000000000000e+00,0.000000000000000000e+00,4.240500000000000000e+04,4.240500000000000000e+04,4.240500000000000000e+04,4.240500000000000000e+04
1.282999999995809048e+00,6.553000000000000000e+04,6.553000000000000000e+04,6.553000000000000000e+04,2.280000000000000000e+02,6.424000000000000000e+04,0.000000000000000000e+00,0.000000000000000000e+00,0.000000000000000000e+00,0.000000000000000000e+00,4.240500000000000000e+04,4.240500000000000000e+04,4.240500000000000000e+04,4.240500000000000000e+04
1.292999999997846317e+00,6.000000000000000000e+00,1.200000000000000000e+01,1.200000000000000000e+01,2.290000000000000000e+02,6.423400000000000000e+04,0.000000000000000000e+00,0.000000000000000000e+00,0.000000000000000000e+00,0.000000000000000000e+00,4.240500000000000000e+04,4.240500000000000000e+04,4.240500000000000000e+04,4.240500000000000000e+04
1.299999999995634425e+00,1.200000000000000000e+01,1.800000000000000000e+01,6.000000000000000000e+00,2.290000000000000000e+02,6.422800000000000000e+04,0.000000000000000000e+00,0.000000000000000000e+00,0.000000000000000000e+00,0.000000000000000000e+00,4.240500000000000000e+04,4.240500000000000000e+04,4.240500000000000000e+04,4.240500000000000000e+04
1.308999999993829988e+00,0.000000000000000000e+00,6.000000000000000000e+00,0.000000000000000000e+00,2.290000000000000000e+02,6.422400000000000000e+04,0.000000000000000000e+00,0.000000000000000000e+00,0.000000000000000000e+00,0.000000000000000000e+00,4.240500000000000000e+04,4.240500000000000000e+04,4.240500000000000000e+04,4.240500000000000000e+04
1.316999999995459802e+00,6.553000000000000000e+04,1.200000000000000000e+01,0.000000000000000000e+00,2.290000000000000000e+02,6.421900000000000000e+04,0.000000000000000000e+00,0.000000000000000000e+00,0.000000000000000000e+00,0.000000000000000000e+00,4.240500000000000000e+04,4.240500000000000000e+04,4.240500000000000000e+04,4.240500000000000000e+04
1.325999999993655365e+00,0.000000000000000000e+00,1.200000000000000000e+01,6.000000000000000000e+00,2.300000000000000000e+02,6.421500000000000000e+04,0.000000000000000000e+00,0.000000000000000000e+00,0.000000000000000000e+00,0.000000000000000000e+00,4.240500000000000000e+04,4.240500000000000000e+04,4.240500000000000000e+04,4.240500000000000000e+04
1.334999999999126885e+00,6.000000000000000000e+00,1.800000000000000000e+01,6.553000000000000000e+04,2.300000000000000000e+02,6.420700000000000000e+04,0.000000000000000000e+00,0.000000000000000000e+00,0.000000000000000000e+00,0.000000000000000000e+00,4.240500000000000000e+04,4.240500000000000000e+04,4.240500000000000000e+04,4.240500000000000000e+04
1.341999999996914994e+00,6.553000000000000000e+04,6.000000000000000000e+00,6.000000000000000000e+00,2.300000000000000000e+02,6.420300000000000000e+04,0.000000000000000000e+00,0.000000000000000000e+00,0.000000000000000000e+00,0.000000000000000000e+00,4.240500000000000000e+04,4.240500000000000000e+04,4.240500000000000000e+04,4.240500000000000000e+04
1.352999999995518010e+00,6.000000000000000000e+00,6.000000000000000000e+00,1.200000000000000000e+01,2.300000000000000000e+02,6.419700000000000000e+04,0.000000000000000000e+00,0.000000000000000000e+00,0.000000000000000000e+00,0.000000000000000000e+00,4.240500000000000000e+04,4.240500000000000000e+04,4.240500000000000000e+04,4.240500000000000000e+04
1.360999999997147825e+00,6.000000000000000000e+00,1.200000000000000000e+01,6.000000000000000000e+00,2.310000000000000000e+02,6.419200000000000000e+04,0.000000000000000000e+00,0.000000000000000000e+00,0.000000000000000000e+00,0.000000000000000000e+00,4.240500000000000000e+04,4.240500000000000000e+04,4.240500000000000000e+04,4.240500000000000000e+04
1.367999999994935934e+00,0.000000000000000000e+00,0.000000000000000000e+00,6.551800000000000000e+04,2.310000000000000000e+02,6.418700000000000000e+04,0.000000000000000000e+00,0.000000000000000000e+00,0.000000000000000000e+00,0.000000000000000000e+00,4.240500000000000000e+04,4.240500000000000000e+04,4.240500000000000000e+04,4.240500000000000000e+04
1.375000000000000000e+00,6.553000000000000000e+04,6.000000000000000000e+00,6.000000000000000000e+00,2.310000000000000000e+02,6.418200000000000000e+04,0.000000000000000000e+00,0.000000000000000000e+00,0.000000000000000000e+00,0.000000000000000000e+00,4.240500000000000000e+04,4.240500000000000000e+04,4.240500000000000000e+04,4.240500000000000000e+04
1.381999999997788109e+00,6.000000000000000000e+00,1.800000000000000000e+01,6.553000000000000000e+04,2.320000000000000000e+02,6.417700000000000000e+04,0.000000000000000000e+00,0.000000000000000000e+00,0.000000000000000000e+00,0.000000000000000000e+00,4.240500000000000000e+04,4.240500000000000000e+04,4.240500000000000000e+04,4.240500000000000000e+04
1.388999999995576218e+00,6.000000000000000000e+00,0.000000000000000000e+00,6.000000000000000000e+00,2.320000000000000000e+02,6.417100000000000000e+04,0.000000000000000000e+00,0.000000000000000000e+00,0.000000000000000000e+00,0.000000000000000000e+00,4.240500000000000000e+04,4.240500000000000000e+04,4.240500000000000000e+04,4.240500000000000000e+04
1.397999999993771780e+00,0.000000000000000000e+00,1.800000000000000000e+01,1.200000000000000000e+01,2.320000000000000000e+02,6.416600000000000000e+04,0.000000000000000000e+00,0.000000000000000000e+00,0.000000000000000000e+00,0.000000000000000000e+00,4.240500000000000000e+04,4.240500000000000000e+04,4.240500000000000000e+04,4.240500000000000000e+04
1.404999999998835847e+00,6.000000000000000000e+00,6.000000000000000000e+00,0.000000000000000000e+00,2.320000000000000000e+02,6.416200000000000000e+04,0.000000000000000000e+00,0.000000000000000000e+00,0.000000000000000000e+00,0.000000000000000000e+00,4.240500000000000000e+04,4.240500000000000000e+04,4.240500000000000000e+04,4.240500000000000000e+04
1.411000000000058208e+00,1.200000000000000000e+01,1.200000000000000000e+01,6.553000000000000000e+04,2.330000000000000000e+02,6.415700000000000000e+04,0.000000000000000000e+00,0.000000000000000000e+00,0.000000000000000000e+00,0.000000000000000000e+00,4.240500000000000000e+04,4.240500000000000000e+04,4.240500000000000000e+04,4.240500000000000000e+04
1.417999999997846317e+00,0.000000000000000000e+00,1.800000000000000000e+01,6.552400000000000000e+04,2.330000000000000000e+02,6.415300000000000000e+04,0.000000000000000000e+00,0.000000000000000000e+00,0.000000000000000000e+00,0.000000000000000000e+00,4.240500000000000000e+04,4.240500000000000000e+04,4.240500000000000000e+04,4.240500000000000000e+04
1.424999999995634425e+00,0.000000000000000000e+00,0.000000000000000000e+00,6.551800000000000000e+04,2.330000000000000000e+02,6.414800000000000000e+04,0.000000000000000000e+00,0.000000000000000000e+00,0.000000000000000000e+00,0.000000000000000000e+00,4.240500000000000000e+04,4.240500000000000000e+04,4.240500000000000000e+04,4.240500000000000000e+04
1.433999999993829988e+00,0.000000000000000000e+00,1.200000000000000000e+01,0.000000000000000000e+00,2.330000000000000000e+02,6.414400000000000000e+04,0.000000000000000000e+00,0.000000000000000000e+00,0.000000000000000000e+00,0.000000000000000000e+00,4.240500000000000000e+04,4.240500000000000000e+04,4.240500000000000000e+04,4.240500000000000000e+04
1.441999999995459802e+00,6.553000000000000000e+04,1.200000000000000000e+01,6.000000000000000000e+00,2.340000000000000000e+02,6.413900000000000000e+04,0.000000000000000000e+00,0.000000000000000000e+00,0.000000000000000000e+00,0.000000000000000000e+00,4.240500000000000000e+04,4.240500000000000000e+04,4.240500000000000000e+04,4.240500000000000000e+04
1.450999999993655365e+00,0.000000000000000000e+00,1.200000000000000000e+01,0.000000000000000000e+00,2.340000000000000000e+02,6.413500000000000000e+04,0.000000000000000000e+00,0.000000000000000000e+00,0.000000000000000000e+00,0.000000000000000000e+00,4.240500000000000000e+04,4.240500000000000000e+04,4.240500000000000000e+04,4.240500000000000000e+04
1.456999999994877726e+00,0.000000000000000000e+00,0.000000000000000000e+00,1.200000000000000000e+01,2.340000000000000000e+02,6.413100000000000000e+04,0.000000000000000000e+00,0.000000000000000000e+00,0.000000000000000000e+00,0.000000000000000000e+00,4.240500000000000000e+04,4.240500000000000000e+04,4.240500000000000000e+04,4.240500000000000000e+04
1.466999999996914994e+00,6.000000000000000000e+00,1.200000000000000000e+01,0.000000000000000000e+00,2.340000000000000000e+02,6.412700000000000000e+04,0.000000000000000000e+00,0.000000000000000000e+00,0.000000000000000000e+00,0.000000000000000000e+00,4.240500000000000000e+04,4.240500000000000000e+04,4.240500000000000000e+04,4.240500000000000000e+04
1.473999999994703103e+00,0.000000000000000000e+00,1.200000000000000000e+01,6.000000000000000000e+00,2.340000000000000000e+02,6.412200000000000000e+04,0.000000000000000000e+00,0.000000000000000000e+00,0.000000000000000000e+00,0.000000000000000000e+00,4.240500000000000000e+04,4.240500000000000000e+04,4.240500000000000000e+04,4.240500000000000000e+04
1.480999999999767169e+00,0.000000000000000000e+00,1.200000000000000000e+01,1.200000000000000000e+01,2.350000000000000000e+02,6.411700000000000000e+04,0.000000000000000000e+00,0.000000000000000000e+00,0.000000000000000000e+00,0.000000000000000000e+00,4.240500000000000000e+04,4.240500000000000000e+04,4.240500000000000000e+04,4.240500000000000000e+04
1.489999999997962732e+00,0.000000000000000000e+00,2.400000000000000000e+01,6.553000000000000000e+04,2.350000000000000000e+02,6.411200000000000000e+04,0.000000000000000000e+00,0.000000000000000000e+00,0.000000000000000000e+00,0.000000000000000000e+00,4.240500000000000000e+04,4.240500000000000000e+04,4.240500000000000000e+04,4.240500000000000000e+04
1.495999999999185093e+00,1.200000000000000000e+01,2.400000000000000000e+01,6.000000000000000000e+00,2.350000000000000000e+02,6.410800000000000000e+04,0.000000000000000000e+00,0.000000000000000000e+00,0.000000000000000000e+00,0.000000000000000000e+00,4.240500000000000000e+04,4.240500000000000000e+04,4.240500000000000000e+04,4.240500000000000000e+04
1.502999999996973202e+00,0.000000000000000000e+00,6.000000000000000000e+00,6.552400000000000000e+04,2.360000000000000000e+02,6.410200000000000000e+04,0.000000000000000000e+00,0.000000000000000000e+00,0.000000000000000000e+00,0.000000000000000000e+00,4.240500000000000000e+04,4.240500000000000000e+04,4.240500000000000000e+04,4.240500000000000000e+04
1.509999999994761311e+00,0.000000000000000000e+00,0.000000000000000000e+00,6.553000000000000000e+04,2.360000000000000000e+02,6.409800000000000000e+04,0.000000000000000000e+00,0.000000000000000000e+00,0.000000000000000000e+00,0.000000000000000000e+00,4.240500000000000000e+04,4.240500000000000000e+04,4.240500000000000000e+04,4.240500000000000000e+04
1.516999999999825377e+00,6.553000000000000000e+04,6.000000000000000000e+00,6.000000000000000000e+00,2.360000000000000000e+02,6.409400000000000000e+04,0.000000000000000000e+00,0.000000000000000000e+00,0.000000000000000000e+00,0.000000000000000000e+00,4.240500000000000000e+04,4.240500000000000000e+04,4.240500000000000000e+04,4.240500000000000000e+04
1.522999999993771780e+00,0.000000000000000000e+00,6.000000000000000000e+00,6.553000000000000000e+04,2.360000000000000000e+02,6.409000000000000000e+04,0.000000000000000000e+00,0.000000000000000000e+00,0.000000000000000000e+00,0.000000000000000000e+00,4.240500000000000000e+04,4.240500000000000000e+04,4.240500000000000000e+04,4.240500000000000000e+04
1.529999999998835847e+00,6.553000000000000000e+04,6.000000000000000000e+00,6.000000000000000000e+00,2.370000000000000000e+02,6.408600000000000000e+04,0.000000000000000000e+00,0.000000000000000000e+00,0.000000000000000000e+00,0.000000000000000000e+00,4.240500000000000000e+04,4.240500000000000000e+04,4.240500000000000000e+04,4.240500000000000000e+04
1.536000000000058208e+00,6.000000000000000000e+00,1.800000000000000000e+01,6.000000000000000000e+00,2.370000000000000000e+02,6.408200000000000000e+04,0.000000000000000000e+00,0.000000000000000000e+00,0.000000000000000000e+00,0.000000000000000000e+00,4.240500000000000000e+04,4.240500000000000000e+04,4.240500000000000000e+04,4.240500000000000000e+04
1.542999999997846317e+00,6.553000000000000000e+04,6.000000000000000000e+00,6.000000000000000000e+00,2.370000000000000000e+02,6.407800000000000000e+04,0.000000000000000000e+00,0.000000000000000000e+00,0.000000000000000000e+00,0.000000000000000000e+00,4.240500000000000000e+04,4.240500000000000000e+04,4.240500000000000000e+04,4.240500000000000000e+04
1.552999999999883585e+00,0.000000000000000000e+00,1.200000000000000000e+01,6.551800000000000000e+04,2.370000000000000000e+02,6.407400000000000000e+04,0.000000000000000000e+00,0.000000000000000000e+00,0.000000000000000000e+00,0.000000000000000000e+00,4.240500000000000000e+04,4.240500000000000000e+04,4.240500000000000000e+04,4.240500000000000000e+04
1.558999999993829988e+00,0.000000000000000000e+00,1.800000000000000000e+01,6.553000000000000000e+04,2.370000000000000000e+02,6.407000000000000000e+04,0.000000000000000000e+00,0.000000000000000000e+00,0.000000000000000000e+00,0.000000000000000000e+00,4.240500000000000000e+04,4.240500000000000000e+04,4.240500000000000000e+04,4.240500000000000000e+04
1.566999999995459802e+00,6.553000000000000000e+04,6.553000000000000000e+04,6.000000000000000000e+00,2.380000000000000000e+02,6.406600000000000000e+04,0.000000000000000000e+00,0.000000000000000000e+00,0.000000000000000000e+00,0.000000000000000000e+00,4.240500000000000000e+04,4.240500000000000000e+04,4.240500000000000000e+04,4.240500000000000000e+04
1.574999999997089617e+00,1.200000000000000000e+01,2.400000000000000000e+01,6.000000000000000000e+00,2.380000000000000000e+02,6.406300000000000000e+04,0.000000000000000000e+00,0.000000000000000000e+00,0.000000000000000000e+00,0.000000000000000000e+00,4.240500000000000000e+04,4.240500000000000000e+04,4.240500000000000000e+04,4.240500000000000000e+04
1.579999999994470272e+00,6.553000000000000000e+04,6.551800000000000000e+04,1.800000000000000000e+01,2.380000000000000000e+02,6.405900000000000000e+04,0.000000000000000000e+00,0.000000000000000000e+00,0.000000000000000000e+00,0.000000000000000000e+00,4.240500000000000000e+04,4.240500000000000000e+04,4.240500000000000000e+04,4.240500000000000000e+04
1.588999999999941792e+00,0.000000000000000000e+00,1.800000000000000000e+01,6.553000000000000000e+04,2.380000000000000000e+02,6.405400000000000000e+04,0.000000000000000000e+00,0.000000000000000000e+00,0.000000000000000000e+00,0.000000000000000000e+00,4.240500000000000000e+04,4.240500000000000000e+04,4.240500000000000000e+04,4.240500000000000000e+04
1.598999999994703103e+00,0.000000000000000000e+00,0.000000000000000000e+00,6.552400000000000000e+04,2.390000000000000000e+02,6.405000000000000000e+04,0.000000000000000000e+00,0.000000000000000000e+00,0.000000000000000000e+00,0.000000000000000000e+00,4.240500000000000000e+04,4.240500000000000000e+04,4.240500000000000000e+04,4.240500000000000000e+04
1.604999999995925464e+00,6.553000000000000000e+04,2.400000000000000000e+01,6.552400000000000000e+04,2.390000000000000000e+02,6.404600000000000000e+04,0.000000000000000000e+00,0.000000000000000000e+00,0.000000000000000000e+00,0.000000000000000000e+00,4.240500000000000000e+04,4.240500000000000000e+04,4.240500000000000000e+04,4.240500000000000000e+04
1.612999999997555278e+00,6.553000000000000000e+04,0.000000000000000000e+00,1.200000000000000000e+01,2.390000000000000000e+02,6.404200000000000000e+04,0.000000000000000000e+00,0.000000000000000000e+00,0.000000000000000000e+00,0.000000000000000000e+00,4.240500000000000000e+04,4.240500000000000000e+04,4.240500000000000000e+04,4.240500000000000000e+04
1.621999999995750841e+00,1.200000000000000000e+01,1.800000000000000000e+01,6.553000000000000000e+04,2.390000000000000000e+02,6.403800000000000000e+04,0.000000000000000000e+00,0.000000000000000000e+00,0.000000000000000000e+00,0.000000000000000000e+00,4.240500000000000000e+04,4.240500000000000000e+04,4.240500000000000000e+04,4.240500000000000000e+04
1.631999999997788109e+00,0.000000000000000000e+00,2.400000000000000000e+01,6.552400000000000000e+04,2.390000000000000000e+02,6.403300000000000000e+04,0.000000000000000000e+00,0.000000000000000000e+00,0.000000000000000000e+00,0.000000000000000000e+00,4.240500000000000000e+04,4.240500000000000000e+04,4.240500000000000000e+04,4.240500000000000000e+04
1.637999999999010470e+00,0.000000000000000000e+00,6.000000000000000000e+00,1.800000000000000000e+01,2.400000000000000000e+02,6.402800000000000000e+04,0.000000000000000000e+00,0.000000000000000000e+00,0.000000000000000000e+00,0.000000000000000000e+00,4.240500000000000000e+04,4.240500000000000000e+04,4.240500000000000000e+04,4.240500000000000000e+04
1.644999999996798579e+00,1.200000000000000000e+01,2.400000000000000000e+01,1.200000000000000000e+01,2.400000000000000000e+02,6.402400000000000000e+04,0.000000000000000000e+00,0.000000000000000000e+00,0.000000000000000000e+00,0.000000000000000000e+00,4.240500000000000000e+04,4.240500000000000000e+04,4.240500000000000000e+04,4.240500000000000000e+04
1.654999999998835847e+00,6.000000000000000000e+00,1.200000000000000000e+01,1.200000000000000000e+01,2.400000000000000000e+02,6.402000000000000000e+04,0.000000000000000000e+00,0.000000000000000000e+00,0.000000000000000000e+00,0.000000000000000000e+00,4.240500000000000000e+04,4.240500000000000000e+04,4.240500000000000000e+04,4.240500000000000000e+04
1.661000000000058208e+00,6.000000000000000000e+00,0.000000000000000000e+00,6.000000000000000000e+00,2.400000000000000000e+02,6.401500000000000000e+04,0.000000000000000000e+00,0.000000000000000000e+00,0.000000000000000000e+00,0.000000000000000000e+00,4.240500000000000000e+04,4.240500000000000000e+04,4.240500000000000000e+04,4.240500000000000000e+04
1.668999999994412065e+00,0.000000000000000000e+00,6.000000000000000000e+00,6.000000000000000000e+00,2.410000000000000000e+02,6.401000000000000000e+04,0.000000000000000000e+00,0.000000000000000000e+00,0.000000000000000000e+00,0.000000000000000000e+00,4.240500000000000000e+04,4.240500000000000000e+04,4.240500000000000000e+04,4.240500000000000000e+04
1.676999999996041879e+00,0.000000000000000000e+00,1.200000000000000000e+01,6.553000000000000000e+04,2.410000000000000000e+02,6.400600000000000000e+04,0.000000000000000000e+00,0.000000000000000000e+00,0.000000000000000000e+00,0.000000000000000000e+00,4.240500000000000000e+04,4.240500000000000000e+04,4.240500000000000000e+04,4.240500000000000000e+04
1.681999999993422534e+00,0.000000000000000000e+00,6.000000000000000000e+00,6.000000000000000000e+00,2.410000000000000000e+02,6.400200000000000000e+04,0.000000000000000000e+00,0.000000000000000000e+00,0.000000000000000000e+00,0.000000000000000000e+00,4.240500000000000000e+04,4.240500000000000000e+04,4.240500000000000000e+04,4.240500000000000000e+04
1.689999999995052349e+00,6.553000000000000000e+04,0.000000000000000000e+00,6.000000000000000000e+00,2.410000000000000000e+02,6.399700000000000000e+04,0.000000000000000000e+00,0.000000000000000000e+00,0.000000000000000000e+00,0.000000000000000000e+00,4.240500000000000000e+04,4.240500000000000000e+04,4.240500000000000000e+04,4.240500000000000000e+04
1.699999999997089617e+00,0.000000000000000000e+00,1.200000000000000000e+01,0.000000000000000000e+00,2.420000000000000000e+02,6.399300000000000000e+04,0.000000000000000000e+00,0.000000000000000000e+00,0.000000000000000000e+00,0.000000000000000000e+00,4.240500000000000000e+04,4.240500000000000000e+04,4.240500000000000000e+04,4.240500000000000000e+04
1.706999999994877726e+00,0.000000000000000000e+00,2.400000000000000000e+01,6.552400000000000000e+04,2.420000000000000000e+02,6.398900000000000000e+04,0.000000000000000000e+00,0.000000000000000000e+00,0.000000000000000000e+00,0.000000000000000000e+00,4.240500000000000000e+04,4.240500000000000000e+04,4.240500000000000000e+04,4.240500000000000000e+04
1.716999999996914994e+00,6.000000000000000000e+00,1.200000000000000000e+01,6.553000000000000000e+04,2.420000000000000000e+02,6.398600000000000000e+04,0.000000000000000000e+00,0.000000000000000000e+00,0.000000000000000000e+00,0.000000000000000000e+00,4.240500000000000000e+04,4.240500000000000000e+04,4.240500000000000000e+04,4.240500000000000000e+04
1.723999999994703103e+00,6.000000000000000000e+00,6.000000000000000000e+00,0.000000000000000000e+00,2.420000000000000000e+02,6.398200000000000000e+04,0.000000000000000000e+00,0.000000000000000000e+00,0.000000000000000000e+00,0.000000000000000000e+00,4.240500000000000000e+04,4.240500000000000000e+04,4.240500000000000000e+04,4.240500000000000000e+04
1.733000000000174623e+00,1.200000000000000000e+01,1.200000000000000000e+01,6.551800000000000000e+04,2.420000000000000000e+02,6.397800000000000000e+04,0.000000000000000000e+00,0.000000000000000000e+00,0.000000000000000000e+00,0.000000000000000000e+00,4.240500000000000000e+04,4.240500000000000000e+04,4.240500000000000000e+04,4.240500000000000000e+04
1.739999999997962732e+00,6.000000000000000000e+00,1.200000000000000000e+01,2.400000000000000000e+01,2.430000000000000000e+02,6.397300000000000000e+04,0.000000000000000000e+00,0.000000000000000000e+00,0.000000000000000000e+00,0.000000000000000000e+00,4.240500000000000000e+04,4.240500000000000000e+04,4.240500000000000000e+04,4.240500000000000000e+04
1.746999999995750841e+00,0.000000000000000000e+00,6.553000000000000000e+04,2.400000000000000000e+01,2.430000000000000000e+02,6.396900000000000000e+04,0.000000000000000000e+00,0.000000000000000000e+00,0.000000000000000000e+00,0.000000000000000000e+00,4.240500000000000000e+04,4.240500000000000000e+04,4.240500000000000000e+04,4.240500000000000000e+04
1.752999999996973202e+00,0.000000000000000000e+00,3.000000000000000000e+01,6.553000000000000000e+04,2.430000000000000000e+02,6.396400000000000000e+04,0.000000000000000000e+00,0.000000000000000000e+00,0.000000000000000000e+00,0.000000000000000000e+00,4.240500000000000000e+04,4.240500000000000000e+04,4.240500000000000000e+04,4.240500000000000000e+04
1.759999999994761311e+00,6.000000000000000000e+00,4.800000000000000000e+01,6.550600000000000000e+04,2.430000000000000000e+02,6.396100000000000000e+04,0.000000000000000000e+00,0.000000000000000000e+00,0.000000000000000000e+00,0.000000000000000000e+00,4.240500000000000000e+04,4.240500000000000000e+04,4.240500000000000000e+04,4.240500000000000000e+04
1.766999999999825377e+00,6.553000000000000000e+04,2.400000000000000000e+01,6.553000000000000000e+04,2.440000000000000000e+02,6.395500000000000000e+04,0.000000000000000000e+00,0.000000000000000000e+00,0.000000000000000000e+00,0.000000000000000000e+00,4.240500000000000000e+04,4.240500000000000000e+04,4.240500000000000000e+04,4.240500000000000000e+04
1.773999999997613486e+00,6.553000000000000000e+04,6.551200000000000000e+04,3.000000000000000000e+01,2.440000000000000000e+02,6.395200000000000000e+04,0.000000000000000000e+00,0.000000000000000000e+00,0.000000000000000000e+00,0.000000000000000000e+00,4.240500000000000000e+04,4.240500000000000000e+04,4.240500000000000000e+04,4.240500000000000000e+04
1.782999999995809048e+00,0.000000000000000000e+00,6.553000000000000000e+04,1.800000000000000000e+01,2.440000000000000000e+02,6.394800000000000000e+04,0.000000000000000000e+00,0.000000000000000000e+00,0.000000000000000000e+00,0.000000000000000000e+00,4.240500000000000000e+04,4.240500000000000000e+04,4.240500000000000000e+04,4.240500000000000000e+04
